CustomerID,PurchaseDate,TransactionAmount,ProductInformation,OrderID,Location,now,recency
8814,11/04/2023,943.31,Product C,890075,Tokyo,10/10/2023,182
2188,11/04/2023,463.7,Product A,176819,London,10/10/2023,182
4608,11/04/2023,80.28,Product A,340062,New York,10/10/2023,182
2559,11/04/2023,221.29,Product A,239145,London,10/10/2023,182
9482,11/04/2023,739.56,Product A,194545,Paris,10/10/2023,182
8483,11/04/2023,375.23,Product C,691194,Paris,10/10/2023,182
8317,11/04/2023,272.56,Product B,826847,New York,10/10/2023,182
6911,11/04/2023,433.33,Product C,963918,Tokyo,10/10/2023,182
8993,11/04/2023,16.55,Product D,112426,New York,10/10/2023,182
3519,11/04/2023,464.63,Product C,139726,New York,10/10/2023,182
9005,11/04/2023,120.75,Product C,972064,Paris,10/10/2023,182
9409,11/04/2023,865.98,Product A,597126,London,10/10/2023,182
5670,11/04/2023,392.7,Product B,995296,London,10/10/2023,182
8724,11/04/2023,623.35,Product C,739717,London,10/10/2023,182
9148,12/04/2023,99.15,Product D,629996,Tokyo,10/10/2023,181
5837,12/04/2023,978.17,Product D,387813,New York,10/10/2023,181
2767,12/04/2023,299.57,Product D,342397,Tokyo,10/10/2023,181
2824,12/04/2023,744.13,Product B,334053,London,10/10/2023,181
9128,12/04/2023,388.9,Product D,281201,Paris,10/10/2023,181
1520,12/04/2023,102.76,Product B,629903,New York,10/10/2023,181
8719,12/04/2023,338.56,Product B,313701,Paris,10/10/2023,181
8529,12/04/2023,132.99,Product B,562721,Tokyo,10/10/2023,181
8705,12/04/2023,751.53,Product A,466960,London,10/10/2023,181
6347,12/04/2023,637.78,Product D,614435,London,10/10/2023,181
4161,12/04/2023,692.36,Product C,859587,London,10/10/2023,181
2228,12/04/2023,997.19,Product B,777366,Tokyo,10/10/2023,181
6638,12/04/2023,417.64,Product C,812597,London,10/10/2023,181
5533,13/04/2023,13.51,Product B,768061,Paris,10/10/2023,180
9871,13/04/2023,849.53,Product C,750817,Paris,10/10/2023,180
9864,13/04/2023,621.28,Product B,761820,Paris,10/10/2023,180
1146,13/04/2023,585.27,Product D,821846,London,10/10/2023,180
9115,13/04/2023,134.98,Product C,205239,Tokyo,10/10/2023,180
5494,13/04/2023,974.55,Product C,831295,London,10/10/2023,180
4190,13/04/2023,786.12,Product B,745073,London,10/10/2023,180
5583,13/04/2023,693.38,Product B,564920,Tokyo,10/10/2023,180
2617,13/04/2023,575.3,Product D,789880,Tokyo,10/10/2023,180
6878,13/04/2023,226.63,Product D,343007,New York,10/10/2023,180
5349,13/04/2023,117.32,Product D,462479,Paris,10/10/2023,180
5173,13/04/2023,711.7,Product A,645175,London,10/10/2023,180
8216,13/04/2023,924.97,Product B,309385,Paris,10/10/2023,180
4302,13/04/2023,793.2,Product A,430926,Paris,10/10/2023,180
5087,13/04/2023,461.88,Product C,838862,London,10/10/2023,180
2524,13/04/2023,922.06,Product D,834891,Paris,10/10/2023,180
2741,13/04/2023,897.91,Product D,247271,Tokyo,10/10/2023,180
2139,13/04/2023,664.65,Product C,183667,London,10/10/2023,180
5919,13/04/2023,812.08,Product A,123682,Paris,10/10/2023,180
7781,13/04/2023,566.9,Product B,877259,London,10/10/2023,180
9584,13/04/2023,840.68,Product A,957730,New York,10/10/2023,180
2848,13/04/2023,811.38,Product D,744793,New York,10/10/2023,180
1742,13/04/2023,145.67,Product C,943019,Tokyo,10/10/2023,180
3676,14/04/2023,223.31,Product C,599687,New York,10/10/2023,179
9120,14/04/2023,972.57,Product D,923975,Paris,10/10/2023,179
3573,14/04/2023,110.25,Product B,299212,Tokyo,10/10/2023,179
2169,14/04/2023,174.26,Product C,723948,Paris,10/10/2023,179
4401,14/04/2023,192.99,Product A,785010,Paris,10/10/2023,179
8552,14/04/2023,176.31,Product D,961599,Tokyo,10/10/2023,179
4909,14/04/2023,252.03,Product D,221620,Tokyo,10/10/2023,179
9985,14/04/2023,36.1,Product D,649435,New York,10/10/2023,179
7770,14/04/2023,195.71,Product C,752878,Tokyo,10/10/2023,179
7797,14/04/2023,402.49,Product C,347231,Tokyo,10/10/2023,179
3406,14/04/2023,174.68,Product B,641737,Tokyo,10/10/2023,179
1323,14/04/2023,692.85,Product D,565897,Tokyo,10/10/2023,179
2200,14/04/2023,186.21,Product C,685193,New York,10/10/2023,179
5557,14/04/2023,511.86,Product D,522866,London,10/10/2023,179
1616,14/04/2023,375.05,Product C,180458,New York,10/10/2023,179
5347,14/04/2023,135.49,Product D,651640,New York,10/10/2023,179
4923,14/04/2023,248.46,Product A,189814,Tokyo,10/10/2023,179
1936,14/04/2023,588.34,Product B,159642,New York,10/10/2023,179
3340,15/04/2023,535.2,Product A,739966,London,10/10/2023,178
7461,15/04/2023,595.98,Product A,556112,London,10/10/2023,178
5224,15/04/2023,388.85,Product B,809794,London,10/10/2023,178
7429,15/04/2023,547.76,Product B,301528,Paris,10/10/2023,178
2444,15/04/2023,270.46,Product C,183927,New York,10/10/2023,178
3709,15/04/2023,753.92,Product C,352593,Paris,10/10/2023,178
1753,15/04/2023,269,Product C,112960,London,10/10/2023,178
8770,15/04/2023,100.31,Product A,197758,Tokyo,10/10/2023,178
6482,15/04/2023,336.39,Product D,397949,Paris,10/10/2023,178
3538,15/04/2023,302.83,Product A,632351,New York,10/10/2023,178
1136,15/04/2023,394.76,Product C,795186,Paris,10/10/2023,178
2832,15/04/2023,945.6,Product B,672092,New York,10/10/2023,178
6201,15/04/2023,561.77,Product A,293079,Paris,10/10/2023,178
4044,15/04/2023,599.08,Product B,523389,New York,10/10/2023,178
3153,16/04/2023,910.53,Product C,883790,Tokyo,10/10/2023,177
1502,16/04/2023,748.65,Product B,494468,Tokyo,10/10/2023,177
9584,16/04/2023,401.81,Product C,882033,Paris,10/10/2023,177
7955,16/04/2023,436.3,Product B,671971,Paris,10/10/2023,177
8292,16/04/2023,812.41,Product C,800280,Paris,10/10/2023,177
9740,16/04/2023,507.55,Product B,720556,London,10/10/2023,177
1464,16/04/2023,55.01,Product C,782759,London,10/10/2023,177
4814,16/04/2023,159.18,Product D,327738,Paris,10/10/2023,177
9008,16/04/2023,899.9,Product D,947975,New York,10/10/2023,177
6077,16/04/2023,516.19,Product B,947312,London,10/10/2023,177
4559,16/04/2023,897.63,Product B,888996,New York,10/10/2023,177
5102,16/04/2023,378.13,Product B,154302,Tokyo,10/10/2023,177
3807,16/04/2023,504.86,Product D,776234,Paris,10/10/2023,177
8239,16/04/2023,605.2,Product A,356600,Paris,10/10/2023,177
8449,16/04/2023,257.58,Product B,853270,New York,10/10/2023,177
3110,16/04/2023,906.03,Product C,228479,New York,10/10/2023,177
4271,17/04/2023,35.48,Product B,769191,Paris,10/10/2023,176
9042,17/04/2023,873.99,Product C,592198,Tokyo,10/10/2023,176
7224,17/04/2023,365.39,Product C,733052,Paris,10/10/2023,176
2902,17/04/2023,242.45,Product B,507524,Tokyo,10/10/2023,176
1803,17/04/2023,422.79,Product B,269172,Paris,10/10/2023,176
7965,17/04/2023,738.63,Product B,412170,New York,10/10/2023,176
4871,17/04/2023,154.98,Product B,281926,London,10/10/2023,176
8909,17/04/2023,302.48,Product A,221707,London,10/10/2023,176
6262,17/04/2023,89.27,Product C,421384,Tokyo,10/10/2023,176
1879,17/04/2023,442.72,Product A,457137,Tokyo,10/10/2023,176
3937,17/04/2023,918.87,Product B,352674,London,10/10/2023,176
1820,17/04/2023,815.05,Product A,993647,Paris,10/10/2023,176
5813,17/04/2023,476.07,Product C,860413,London,10/10/2023,176
9564,17/04/2023,35.02,Product B,155642,New York,10/10/2023,176
3308,17/04/2023,60.1,Product D,745270,Tokyo,10/10/2023,176
3103,17/04/2023,393.53,Product C,628597,Tokyo,10/10/2023,176
6096,17/04/2023,582.9,Product C,703766,Tokyo,10/10/2023,176
2809,17/04/2023,527.97,Product A,145903,London,10/10/2023,176
5476,18/04/2023,801.35,Product D,519453,Tokyo,10/10/2023,175
8490,18/04/2023,701.26,Product D,430984,New York,10/10/2023,175
8195,18/04/2023,474.01,Product C,833723,Tokyo,10/10/2023,175
9418,18/04/2023,383.43,Product D,392670,Paris,10/10/2023,175
4279,18/04/2023,144.37,Product A,574001,London,10/10/2023,175
8414,18/04/2023,106.46,Product B,102303,Paris,10/10/2023,175
2029,18/04/2023,838.32,Product D,725726,New York,10/10/2023,175
4568,18/04/2023,243.61,Product D,440277,New York,10/10/2023,175
9369,18/04/2023,576.99,Product C,912764,Paris,10/10/2023,175
6169,18/04/2023,745.45,Product B,300845,London,10/10/2023,175
9561,18/04/2023,524.56,Product D,786341,London,10/10/2023,175
3858,18/04/2023,664.45,Product A,238205,New York,10/10/2023,175
2494,18/04/2023,709.16,Product C,189450,Tokyo,10/10/2023,175
4990,19/04/2023,789.11,Product B,171942,London,10/10/2023,174
3392,19/04/2023,47.92,Product D,829884,London,10/10/2023,174
2911,19/04/2023,54.89,Product A,419149,Tokyo,10/10/2023,174
2749,19/04/2023,192.9,Product C,735022,London,10/10/2023,174
7971,19/04/2023,261.97,Product B,187889,Paris,10/10/2023,174
6447,19/04/2023,53.89,Product C,953025,London,10/10/2023,174
7484,19/04/2023,674.97,Product C,579434,Paris,10/10/2023,174
7421,19/04/2023,599.09,Product A,424620,Tokyo,10/10/2023,174
4157,19/04/2023,52.25,Product A,816308,Tokyo,10/10/2023,174
5450,19/04/2023,118.13,Product B,354235,New York,10/10/2023,174
9835,19/04/2023,657,Product C,224395,London,10/10/2023,174
1924,19/04/2023,508.86,Product C,345536,Paris,10/10/2023,174
1706,19/04/2023,577.75,Product B,241268,New York,10/10/2023,174
8429,19/04/2023,518.12,Product D,691303,New York,10/10/2023,174
3878,19/04/2023,386.41,Product B,624563,Paris,10/10/2023,174
9488,20/04/2023,311.08,Product B,438334,London,10/10/2023,173
9129,20/04/2023,337.86,Product A,349556,Paris,10/10/2023,173
1601,20/04/2023,855.29,Product C,447195,New York,10/10/2023,173
1317,20/04/2023,59.14,Product A,294969,New York,10/10/2023,173
3485,20/04/2023,813.03,Product C,189318,London,10/10/2023,173
1510,20/04/2023,850.18,Product D,136489,London,10/10/2023,173
2009,20/04/2023,754.71,Product A,189870,Paris,10/10/2023,173
4695,20/04/2023,348.37,Product D,788842,London,10/10/2023,173
8017,21/04/2023,14.78,Product B,923824,London,10/10/2023,172
8871,21/04/2023,528.99,Product D,254954,London,10/10/2023,172
6293,21/04/2023,632.87,Product A,880900,New York,10/10/2023,172
5994,21/04/2023,987.78,Product D,753453,London,10/10/2023,172
8269,21/04/2023,697.06,Product A,148225,Paris,10/10/2023,172
8123,21/04/2023,459.19,Product C,624902,London,10/10/2023,172
7981,21/04/2023,692.87,Product C,568849,New York,10/10/2023,172
4695,21/04/2023,456.77,Product A,409234,New York,10/10/2023,172
8310,21/04/2023,187.35,Product B,871667,Tokyo,10/10/2023,172
9276,21/04/2023,421.77,Product D,196411,Paris,10/10/2023,172
9537,21/04/2023,688.46,Product B,245584,Paris,10/10/2023,172
9267,21/04/2023,131.93,Product A,493417,Paris,10/10/2023,172
6234,21/04/2023,639.82,Product A,961574,Paris,10/10/2023,172
2481,21/04/2023,809.52,Product C,966529,New York,10/10/2023,172
6770,21/04/2023,148.56,Product D,292988,New York,10/10/2023,172
6816,21/04/2023,650.53,Product A,690579,Tokyo,10/10/2023,172
3131,21/04/2023,588.15,Product C,105919,Paris,10/10/2023,172
3527,21/04/2023,189.04,Product B,856215,Tokyo,10/10/2023,172
5371,21/04/2023,789.5,Product A,501124,New York,10/10/2023,172
7043,21/04/2023,609.83,Product A,915573,London,10/10/2023,172
4450,21/04/2023,403.08,Product A,166891,Tokyo,10/10/2023,172
7151,21/04/2023,734.67,Product A,454366,Tokyo,10/10/2023,172
2296,21/04/2023,350.19,Product C,432270,Paris,10/10/2023,172
2234,22/04/2023,951.78,Product D,586490,Tokyo,10/10/2023,171
2083,22/04/2023,927.83,Product D,747033,Tokyo,10/10/2023,171
4022,22/04/2023,644.07,Product D,514798,New York,10/10/2023,171
2577,22/04/2023,481.11,Product A,921945,New York,10/10/2023,171
4585,22/04/2023,806.07,Product D,152657,London,10/10/2023,171
5557,22/04/2023,996.98,Product D,765620,Tokyo,10/10/2023,171
2121,22/04/2023,145.26,Product A,767830,Tokyo,10/10/2023,171
8178,22/04/2023,615.21,Product C,741055,New York,10/10/2023,171
4164,22/04/2023,614.84,Product D,967161,Tokyo,10/10/2023,171
9821,22/04/2023,979.58,Product C,472358,Paris,10/10/2023,171
8135,22/04/2023,736.46,Product C,745830,Tokyo,10/10/2023,171
5254,22/04/2023,553.08,Product B,382495,Tokyo,10/10/2023,171
9796,22/04/2023,372.14,Product B,579776,New York,10/10/2023,171
3877,23/04/2023,140.84,Product C,656639,Paris,10/10/2023,170
9571,23/04/2023,364.34,Product D,409698,London,10/10/2023,170
4755,23/04/2023,836.59,Product C,263573,New York,10/10/2023,170
5470,23/04/2023,810.73,Product C,270387,Tokyo,10/10/2023,170
3846,23/04/2023,876.43,Product B,977633,New York,10/10/2023,170
4054,23/04/2023,505.64,Product D,687923,New York,10/10/2023,170
3363,23/04/2023,606.44,Product D,624369,New York,10/10/2023,170
5105,23/04/2023,638.71,Product C,231250,Paris,10/10/2023,170
2462,23/04/2023,447.3,Product D,876936,Tokyo,10/10/2023,170
5051,23/04/2023,840.84,Product B,350132,London,10/10/2023,170
9824,23/04/2023,270.6,Product A,862760,New York,10/10/2023,170
7669,23/04/2023,103.38,Product D,471507,Tokyo,10/10/2023,170
2702,24/04/2023,542.38,Product D,777968,New York,10/10/2023,169
5861,24/04/2023,969.02,Product A,884309,Paris,10/10/2023,169
6633,24/04/2023,418.53,Product B,268772,London,10/10/2023,169
9595,24/04/2023,698.87,Product A,214611,New York,10/10/2023,169
4943,24/04/2023,76.62,Product A,568127,New York,10/10/2023,169
1149,24/04/2023,510.68,Product C,163386,Tokyo,10/10/2023,169
8848,24/04/2023,594.88,Product D,123536,London,10/10/2023,169
4291,24/04/2023,627.93,Product C,819964,Paris,10/10/2023,169
4882,24/04/2023,812.6,Product C,845279,Tokyo,10/10/2023,169
8311,24/04/2023,996.4,Product C,827691,Tokyo,10/10/2023,169
6617,24/04/2023,690.62,Product C,629959,Tokyo,10/10/2023,169
1256,24/04/2023,591.17,Product D,180674,Paris,10/10/2023,169
5809,24/04/2023,950.81,Product D,688602,New York,10/10/2023,169
5272,24/04/2023,673.03,Product C,350280,Paris,10/10/2023,169
6820,24/04/2023,673.47,Product A,738720,London,10/10/2023,169
8609,24/04/2023,346.79,Product B,427766,Paris,10/10/2023,169
6363,24/04/2023,460.15,Product C,898207,Tokyo,10/10/2023,169
2072,24/04/2023,673.63,Product B,818699,Tokyo,10/10/2023,169
4944,24/04/2023,587.51,Product A,152995,Paris,10/10/2023,169
8355,25/04/2023,538.67,Product C,947903,Tokyo,10/10/2023,168
3938,25/04/2023,806.29,Product A,520400,New York,10/10/2023,168
5076,25/04/2023,696.59,Product C,427252,London,10/10/2023,168
7870,25/04/2023,328.58,Product D,855276,Paris,10/10/2023,168
6085,25/04/2023,808.5,Product B,125611,New York,10/10/2023,168
5920,25/04/2023,222.67,Product C,122755,Paris,10/10/2023,168
1391,25/04/2023,546.13,Product A,451291,New York,10/10/2023,168
9700,25/04/2023,641.57,Product A,205065,Tokyo,10/10/2023,168
1744,25/04/2023,401.31,Product A,108060,London,10/10/2023,168
4166,25/04/2023,41.91,Product A,382967,Tokyo,10/10/2023,168
6068,25/04/2023,254.92,Product C,564687,London,10/10/2023,168
9922,25/04/2023,651.16,Product C,966785,London,10/10/2023,168
8711,25/04/2023,207.58,Product D,466643,Paris,10/10/2023,168
9841,25/04/2023,806.66,Product D,422823,Paris,10/10/2023,168
4728,25/04/2023,33.43,Product B,517821,Paris,10/10/2023,168
5853,25/04/2023,367.27,Product C,114835,London,10/10/2023,168
4804,25/04/2023,690.5,Product C,183336,Tokyo,10/10/2023,168
1920,25/04/2023,605.65,Product A,652021,Tokyo,10/10/2023,168
2527,25/04/2023,992.33,Product A,583863,New York,10/10/2023,168
8579,26/04/2023,875.74,Product A,564656,New York,10/10/2023,167
1651,26/04/2023,923.05,Product C,449773,Tokyo,10/10/2023,167
2847,26/04/2023,504.59,Product A,653948,New York,10/10/2023,167
6228,26/04/2023,471.81,Product C,571435,London,10/10/2023,167
3275,26/04/2023,792.47,Product A,478427,Paris,10/10/2023,167
2982,26/04/2023,232.45,Product C,122056,London,10/10/2023,167
6416,26/04/2023,12.71,Product A,215795,Tokyo,10/10/2023,167
3287,26/04/2023,747.54,Product C,883300,Tokyo,10/10/2023,167
2101,26/04/2023,780.73,Product C,479742,Tokyo,10/10/2023,167
4150,26/04/2023,286.22,Product C,335790,Paris,10/10/2023,167
9084,26/04/2023,224.71,Product D,575779,Tokyo,10/10/2023,167
7363,26/04/2023,262.45,Product C,778120,New York,10/10/2023,167
2747,26/04/2023,387.55,Product C,702733,Paris,10/10/2023,167
3573,26/04/2023,182.08,Product A,264136,New York,10/10/2023,167
6253,26/04/2023,308.75,Product B,792282,London,10/10/2023,167
4762,26/04/2023,466.02,Product B,389039,London,10/10/2023,167
9680,26/04/2023,425.62,Product A,249289,Paris,10/10/2023,167
3174,26/04/2023,154.78,Product C,968726,London,10/10/2023,167
9589,26/04/2023,249.89,Product C,914504,Tokyo,10/10/2023,167
1500,26/04/2023,378.74,Product D,286209,Tokyo,10/10/2023,167
4817,27/04/2023,812.96,Product A,698199,Tokyo,10/10/2023,166
2752,27/04/2023,614.74,Product B,226611,Tokyo,10/10/2023,166
5915,27/04/2023,566.52,Product A,517754,New York,10/10/2023,166
6742,27/04/2023,789.15,Product A,150486,Tokyo,10/10/2023,166
6221,27/04/2023,952.15,Product A,458411,London,10/10/2023,166
1731,27/04/2023,445.34,Product C,337232,Paris,10/10/2023,166
3695,27/04/2023,914.91,Product D,945664,Paris,10/10/2023,166
1228,27/04/2023,541.21,Product D,486490,Paris,10/10/2023,166
9465,27/04/2023,382.57,Product B,641455,Tokyo,10/10/2023,166
2702,27/04/2023,621.92,Product A,786641,Tokyo,10/10/2023,166
9625,27/04/2023,817.06,Product C,933551,Tokyo,10/10/2023,166
9669,27/04/2023,971.37,Product A,813328,New York,10/10/2023,166
8368,27/04/2023,355.09,Product A,560398,New York,10/10/2023,166
6053,27/04/2023,366.05,Product D,588640,New York,10/10/2023,166
7322,27/04/2023,544.83,Product C,125905,Paris,10/10/2023,166
4614,27/04/2023,88.42,Product B,641704,Paris,10/10/2023,166
9288,27/04/2023,141.13,Product C,172132,London,10/10/2023,166
7753,27/04/2023,164.16,Product A,100096,London,10/10/2023,166
5843,27/04/2023,907.84,Product D,507135,New York,10/10/2023,166
8925,27/04/2023,988.62,Product C,911801,Tokyo,10/10/2023,166
9849,27/04/2023,663.99,Product C,349087,New York,10/10/2023,166
1265,27/04/2023,557.78,Product D,409531,London,10/10/2023,166
3705,27/04/2023,532.4,Product D,322086,London,10/10/2023,166
2419,28/04/2023,882.81,Product B,886931,Tokyo,10/10/2023,165
9374,28/04/2023,403.9,Product B,156778,Tokyo,10/10/2023,165
8418,28/04/2023,703.47,Product D,296911,Paris,10/10/2023,165
9105,28/04/2023,329.64,Product C,454161,London,10/10/2023,165
8933,28/04/2023,727.34,Product C,205409,London,10/10/2023,165
8790,28/04/2023,56.1,Product A,817675,Paris,10/10/2023,165
6574,28/04/2023,163.92,Product C,207175,New York,10/10/2023,165
5622,28/04/2023,133.79,Product D,862427,New York,10/10/2023,165
2336,28/04/2023,448.68,Product D,609253,Tokyo,10/10/2023,165
5059,28/04/2023,648.17,Product B,680278,Paris,10/10/2023,165
7363,28/04/2023,188.02,Product C,726121,London,10/10/2023,165
7785,28/04/2023,223.41,Product A,461939,Tokyo,10/10/2023,165
2344,28/04/2023,162.68,Product B,875584,Tokyo,10/10/2023,165
8145,28/04/2023,841.71,Product B,812591,Paris,10/10/2023,165
5933,28/04/2023,498.19,Product A,275329,Tokyo,10/10/2023,165
4275,28/04/2023,752.68,Product B,400538,Paris,10/10/2023,165
4371,28/04/2023,754.8,Product A,705393,New York,10/10/2023,165
1046,28/04/2023,859.82,Product B,236306,Paris,10/10/2023,165
7054,29/04/2023,166.17,Product C,741390,New York,10/10/2023,164
7921,29/04/2023,617,Product A,823468,London,10/10/2023,164
6634,29/04/2023,474.51,Product A,821179,Tokyo,10/10/2023,164
4131,29/04/2023,363.4,Product A,787584,Paris,10/10/2023,164
4879,29/04/2023,268.38,Product C,939717,Tokyo,10/10/2023,164
2389,29/04/2023,520.3,Product C,197923,London,10/10/2023,164
2417,29/04/2023,767.62,Product D,499941,Tokyo,10/10/2023,164
9941,29/04/2023,960.53,Product B,412534,Paris,10/10/2023,164
3399,29/04/2023,51.65,Product A,463188,Tokyo,10/10/2023,164
8362,29/04/2023,821.22,Product C,576136,New York,10/10/2023,164
1842,29/04/2023,604.41,Product C,208633,London,10/10/2023,164
1519,29/04/2023,414.78,Product B,903028,Tokyo,10/10/2023,164
2816,29/04/2023,681.44,Product D,652530,Paris,10/10/2023,164
4792,29/04/2023,709.89,Product D,174637,London,10/10/2023,164
7418,29/04/2023,649.71,Product B,618927,Tokyo,10/10/2023,164
6617,29/04/2023,458.32,Product B,244892,Tokyo,10/10/2023,164
1984,29/04/2023,208.69,Product C,155663,Tokyo,10/10/2023,164
9747,29/04/2023,878.7,Product D,947568,New York,10/10/2023,164
1919,29/04/2023,364.88,Product D,252640,London,10/10/2023,164
9022,29/04/2023,148.89,Product C,982885,Tokyo,10/10/2023,164
5067,29/04/2023,102.08,Product C,179721,London,10/10/2023,164
1645,30/04/2023,790.72,Product A,707727,Paris,10/10/2023,163
4700,30/04/2023,687.2,Product A,785491,New York,10/10/2023,163
3219,30/04/2023,16.7,Product D,448354,Tokyo,10/10/2023,163
1749,30/04/2023,948.98,Product D,863187,Paris,10/10/2023,163
1886,30/04/2023,529.14,Product C,666157,London,10/10/2023,163
7199,30/04/2023,736.66,Product C,233534,London,10/10/2023,163
8625,30/04/2023,168.12,Product C,823821,New York,10/10/2023,163
6707,30/04/2023,349.64,Product B,646428,Tokyo,10/10/2023,163
2075,30/04/2023,712.47,Product D,242239,New York,10/10/2023,163
5438,30/04/2023,258.89,Product A,856321,London,10/10/2023,163
4986,30/04/2023,667.32,Product C,596249,Paris,10/10/2023,163
1372,30/04/2023,468.37,Product D,657772,Tokyo,10/10/2023,163
7885,30/04/2023,787.87,Product D,489438,Tokyo,10/10/2023,163
7775,30/04/2023,282.4,Product B,756401,Tokyo,10/10/2023,163
8803,30/04/2023,88.17,Product A,626491,London,10/10/2023,163
9393,30/04/2023,844.64,Product C,846454,London,10/10/2023,163
8816,30/04/2023,19.04,Product D,936726,Paris,10/10/2023,163
9680,30/04/2023,418.98,Product B,244037,London,10/10/2023,163
4893,30/04/2023,130.63,Product B,540218,Tokyo,10/10/2023,163
2077,30/04/2023,404.18,Product D,651231,Tokyo,10/10/2023,163
1901,30/04/2023,669.42,Product B,225245,New York,10/10/2023,163
8807,01/05/2023,360,Product C,291663,London,10/10/2023,162
5903,01/05/2023,374.88,Product D,960109,New York,10/10/2023,162
5742,01/05/2023,128.78,Product D,883301,Tokyo,10/10/2023,162
3695,01/05/2023,855.94,Product D,221886,London,10/10/2023,162
1341,01/05/2023,180.15,Product D,972442,Paris,10/10/2023,162
8822,01/05/2023,936.47,Product A,373453,Tokyo,10/10/2023,162
9442,01/05/2023,95.87,Product A,293757,London,10/10/2023,162
1715,01/05/2023,747.26,Product D,504832,London,10/10/2023,162
5706,01/05/2023,292.56,Product A,906066,New York,10/10/2023,162
2557,01/05/2023,432.5,Product C,492483,London,10/10/2023,162
8324,01/05/2023,127.52,Product D,881439,New York,10/10/2023,162
4154,01/05/2023,518.76,Product A,275526,New York,10/10/2023,162
4812,01/05/2023,981.86,Product C,944654,Tokyo,10/10/2023,162
6502,01/05/2023,894.1,Product A,245095,London,10/10/2023,162
8094,01/05/2023,26.72,Product A,660814,New York,10/10/2023,162
3194,01/05/2023,126.68,Product C,222629,London,10/10/2023,162
9788,01/05/2023,396.82,Product A,425236,Tokyo,10/10/2023,162
7521,01/05/2023,653.07,Product B,218959,New York,10/10/2023,162
6345,01/05/2023,458.23,Product B,178315,London,10/10/2023,162
8225,01/05/2023,424.59,Product D,824042,London,10/10/2023,162
4912,01/05/2023,723.79,Product D,299092,Tokyo,10/10/2023,162
3463,02/05/2023,90.69,Product B,466813,Paris,10/10/2023,161
2655,02/05/2023,308.75,Product B,265154,Tokyo,10/10/2023,161
7798,02/05/2023,934.91,Product C,960408,New York,10/10/2023,161
1225,02/05/2023,696.86,Product A,419939,Tokyo,10/10/2023,161
9785,02/05/2023,939.84,Product A,373903,London,10/10/2023,161
5342,02/05/2023,627.03,Product D,781403,New York,10/10/2023,161
7678,02/05/2023,547.19,Product D,165290,London,10/10/2023,161
3793,02/05/2023,363.95,Product D,752011,Paris,10/10/2023,161
7334,02/05/2023,973.99,Product D,825686,Tokyo,10/10/2023,161
1011,02/05/2023,918.72,Product B,945619,London,10/10/2023,161
4111,02/05/2023,729.28,Product B,819656,Tokyo,10/10/2023,161
4630,02/05/2023,781.33,Product A,635280,New York,10/10/2023,161
1480,02/05/2023,809.04,Product C,649300,New York,10/10/2023,161
4214,02/05/2023,237.72,Product B,623555,Paris,10/10/2023,161
9268,02/05/2023,660.96,Product D,469438,Paris,10/10/2023,161
3623,02/05/2023,564.25,Product D,343118,Tokyo,10/10/2023,161
1331,02/05/2023,819.21,Product C,426053,Paris,10/10/2023,161
8432,02/05/2023,165.84,Product C,856648,Paris,10/10/2023,161
3634,02/05/2023,417.53,Product D,402218,Tokyo,10/10/2023,161
1519,02/05/2023,89.42,Product B,158760,Paris,10/10/2023,161
7209,02/05/2023,38.41,Product C,290672,Tokyo,10/10/2023,161
8216,02/05/2023,192.52,Product A,364742,Tokyo,10/10/2023,161
6478,03/05/2023,880.99,Product D,536754,New York,10/10/2023,160
7363,03/05/2023,935.85,Product B,284654,London,10/10/2023,160
6703,03/05/2023,963.65,Product C,337288,London,10/10/2023,160
7291,03/05/2023,963.62,Product C,929504,London,10/10/2023,160
4475,03/05/2023,799.85,Product C,393243,Paris,10/10/2023,160
6730,03/05/2023,171.88,Product C,885342,New York,10/10/2023,160
8210,03/05/2023,725.21,Product B,531709,Tokyo,10/10/2023,160
2468,03/05/2023,558.68,Product C,503951,New York,10/10/2023,160
9674,03/05/2023,769.17,Product B,267378,New York,10/10/2023,160
6420,03/05/2023,136.93,Product B,204904,Paris,10/10/2023,160
1920,03/05/2023,512.26,Product C,584172,Tokyo,10/10/2023,160
9950,03/05/2023,679.11,Product C,739711,Tokyo,10/10/2023,160
7204,03/05/2023,550.56,Product A,969067,Tokyo,10/10/2023,160
8542,03/05/2023,164.55,Product C,484914,London,10/10/2023,160
8895,03/05/2023,667.07,Product D,255875,New York,10/10/2023,160
4029,04/05/2023,886.64,Product C,295646,Tokyo,10/10/2023,159
7437,04/05/2023,122.75,Product B,720995,London,10/10/2023,159
6188,04/05/2023,115.49,Product A,423241,Tokyo,10/10/2023,159
2294,04/05/2023,959.7,Product D,692447,London,10/10/2023,159
7543,04/05/2023,227.13,Product B,634277,Tokyo,10/10/2023,159
7563,04/05/2023,689.42,Product A,710610,Paris,10/10/2023,159
7939,04/05/2023,354.82,Product C,461260,New York,10/10/2023,159
2337,04/05/2023,232.29,Product C,203896,Paris,10/10/2023,159
4178,04/05/2023,681.52,Product D,584106,Paris,10/10/2023,159
9368,04/05/2023,64.88,Product B,485548,London,10/10/2023,159
9576,04/05/2023,77,Product A,509420,Tokyo,10/10/2023,159
3735,04/05/2023,135.66,Product C,868538,New York,10/10/2023,159
6584,04/05/2023,827.06,Product B,985331,Tokyo,10/10/2023,159
3435,04/05/2023,398.57,Product C,240384,Tokyo,10/10/2023,159
5331,04/05/2023,241.68,Product B,643042,Paris,10/10/2023,159
3578,04/05/2023,606,Product A,793223,London,10/10/2023,159
2522,04/05/2023,816.81,Product B,219361,Tokyo,10/10/2023,159
7606,04/05/2023,54.79,Product A,697983,London,10/10/2023,159
7453,04/05/2023,796.95,Product C,684929,Paris,10/10/2023,159
1590,04/05/2023,246.86,Product A,265092,New York,10/10/2023,159
9331,04/05/2023,28.05,Product C,289019,London,10/10/2023,159
3504,04/05/2023,764.89,Product A,728038,Paris,10/10/2023,159
6050,04/05/2023,899.99,Product A,475190,London,10/10/2023,159
6621,04/05/2023,192.07,Product D,320759,Tokyo,10/10/2023,159
5833,04/05/2023,618.48,Product B,240057,Tokyo,10/10/2023,159
5488,04/05/2023,825.27,Product D,766275,New York,10/10/2023,159
7099,04/05/2023,855.78,Product C,572623,London,10/10/2023,159
3697,05/05/2023,12.13,Product D,378085,Tokyo,10/10/2023,158
9307,05/05/2023,468.08,Product A,571579,London,10/10/2023,158
2425,05/05/2023,560.8,Product C,998235,Paris,10/10/2023,158
4788,05/05/2023,697.01,Product B,167348,Tokyo,10/10/2023,158
3369,05/05/2023,198.7,Product B,173201,Paris,10/10/2023,158
7251,05/05/2023,422.4,Product C,678944,New York,10/10/2023,158
4751,05/05/2023,98.44,Product A,208214,Paris,10/10/2023,158
6963,05/05/2023,921.02,Product B,999138,New York,10/10/2023,158
9289,05/05/2023,736.32,Product A,749838,Paris,10/10/2023,158
7883,05/05/2023,905.79,Product A,998348,Tokyo,10/10/2023,158
9899,05/05/2023,896.8,Product D,958130,Paris,10/10/2023,158
2654,05/05/2023,285.19,Product C,270555,Paris,10/10/2023,158
8254,05/05/2023,567.54,Product B,894268,Paris,10/10/2023,158
4765,05/05/2023,391.61,Product A,117367,London,10/10/2023,158
5634,05/05/2023,414.68,Product C,811875,New York,10/10/2023,158
2682,05/05/2023,508.3,Product C,275133,New York,10/10/2023,158
9609,05/05/2023,320.62,Product B,581992,Paris,10/10/2023,158
8821,05/05/2023,14.62,Product B,866151,Paris,10/10/2023,158
5583,05/05/2023,145.86,Product B,773870,London,10/10/2023,158
6168,06/05/2023,275.06,Product B,694731,Paris,10/10/2023,157
9328,06/05/2023,788.22,Product A,268546,Tokyo,10/10/2023,157
8161,06/05/2023,257.4,Product D,968668,Tokyo,10/10/2023,157
1992,06/05/2023,283.12,Product A,989227,Tokyo,10/10/2023,157
2180,06/05/2023,863.15,Product A,557409,New York,10/10/2023,157
6828,06/05/2023,518.33,Product C,372804,London,10/10/2023,157
6658,06/05/2023,139.46,Product C,639995,New York,10/10/2023,157
1813,06/05/2023,576.05,Product D,261050,New York,10/10/2023,157
9802,06/05/2023,533.55,Product B,975373,New York,10/10/2023,157
9444,06/05/2023,989.23,Product D,365618,New York,10/10/2023,157
6344,06/05/2023,700.24,Product B,301158,Tokyo,10/10/2023,157
1993,06/05/2023,730.93,Product A,360735,London,10/10/2023,157
2681,06/05/2023,418.22,Product A,966028,New York,10/10/2023,157
8201,06/05/2023,885.55,Product C,583757,London,10/10/2023,157
6107,06/05/2023,995.2,Product C,559381,Tokyo,10/10/2023,157
5512,06/05/2023,152.41,Product D,140666,Tokyo,10/10/2023,157
2531,06/05/2023,385.47,Product D,158840,New York,10/10/2023,157
3662,06/05/2023,990.71,Product C,722565,Paris,10/10/2023,157
9756,06/05/2023,225.65,Product D,964915,London,10/10/2023,157
6172,07/05/2023,955.89,Product A,834861,Paris,10/10/2023,156
9702,07/05/2023,570.27,Product B,278240,London,10/10/2023,156
5521,07/05/2023,306.75,Product A,478666,Paris,10/10/2023,156
2843,07/05/2023,158.15,Product A,210766,New York,10/10/2023,156
9871,07/05/2023,971,Product B,680493,New York,10/10/2023,156
7793,07/05/2023,55.04,Product C,687638,London,10/10/2023,156
1104,07/05/2023,146.12,Product B,171269,London,10/10/2023,156
9908,07/05/2023,265.23,Product A,843596,New York,10/10/2023,156
6175,07/05/2023,368.65,Product B,546768,Paris,10/10/2023,156
5933,07/05/2023,665.05,Product C,753050,London,10/10/2023,156
3724,07/05/2023,490.78,Product B,520521,New York,10/10/2023,156
9553,07/05/2023,376.67,Product A,831531,Tokyo,10/10/2023,156
9173,07/05/2023,883.95,Product D,163941,New York,10/10/2023,156
4743,07/05/2023,345.54,Product D,518098,Tokyo,10/10/2023,156
5781,07/05/2023,393.92,Product A,860053,London,10/10/2023,156
1715,07/05/2023,370.66,Product B,565776,Paris,10/10/2023,156
6614,07/05/2023,987.32,Product D,250181,Paris,10/10/2023,156
7821,07/05/2023,157.73,Product D,292811,Tokyo,10/10/2023,156
1011,08/05/2023,210.3,Product B,781571,Paris,10/10/2023,155
8616,08/05/2023,827.48,Product C,437960,London,10/10/2023,155
5471,08/05/2023,490.79,Product D,452457,Tokyo,10/10/2023,155
7286,08/05/2023,193.9,Product B,681868,London,10/10/2023,155
3114,08/05/2023,507.84,Product A,971776,New York,10/10/2023,155
5673,08/05/2023,699.63,Product D,262316,London,10/10/2023,155
2761,08/05/2023,142.6,Product C,862847,Paris,10/10/2023,155
2443,08/05/2023,846.04,Product B,556839,Tokyo,10/10/2023,155
6967,08/05/2023,79.27,Product C,753425,Paris,10/10/2023,155
3502,08/05/2023,970.83,Product C,570988,London,10/10/2023,155
1507,08/05/2023,943.02,Product B,736818,Tokyo,10/10/2023,155
5511,08/05/2023,896.53,Product C,581294,Paris,10/10/2023,155
5970,09/05/2023,748.15,Product C,259338,London,10/10/2023,154
9535,09/05/2023,419.85,Product B,995706,New York,10/10/2023,154
5469,09/05/2023,906.25,Product B,971415,Tokyo,10/10/2023,154
8685,09/05/2023,619.19,Product A,119927,Paris,10/10/2023,154
5819,09/05/2023,185.65,Product A,296059,London,10/10/2023,154
5719,09/05/2023,882.04,Product D,227324,New York,10/10/2023,154
7693,09/05/2023,692.48,Product D,405407,New York,10/10/2023,154
4401,09/05/2023,315.22,Product C,993892,New York,10/10/2023,154
6299,09/05/2023,34.66,Product D,718990,London,10/10/2023,154
3693,09/05/2023,471.39,Product D,226601,Paris,10/10/2023,154
4232,09/05/2023,596.28,Product D,104666,London,10/10/2023,154
6399,09/05/2023,341.39,Product B,415029,Paris,10/10/2023,154
8061,09/05/2023,561.42,Product D,208310,New York,10/10/2023,154
6898,09/05/2023,453.02,Product D,100205,New York,10/10/2023,154
4858,09/05/2023,756.22,Product C,416613,New York,10/10/2023,154
5499,09/05/2023,86.71,Product C,345884,Paris,10/10/2023,154
7146,09/05/2023,84.76,Product A,522419,Paris,10/10/2023,154
9514,10/05/2023,917.99,Product A,924758,Tokyo,10/10/2023,153
1200,10/05/2023,502.65,Product D,669902,New York,10/10/2023,153
3906,10/05/2023,751.84,Product C,137581,New York,10/10/2023,153
4575,10/05/2023,309.12,Product D,712879,New York,10/10/2023,153
4974,10/05/2023,374.59,Product D,910143,London,10/10/2023,153
8863,10/05/2023,450.9,Product C,610626,New York,10/10/2023,153
2291,10/05/2023,449.75,Product D,192295,Tokyo,10/10/2023,153
8399,10/05/2023,828.74,Product A,357657,Tokyo,10/10/2023,153
5694,10/05/2023,635.4,Product B,275715,Paris,10/10/2023,153
2551,10/05/2023,110.89,Product B,227352,New York,10/10/2023,153
7557,10/05/2023,279.11,Product D,823415,Tokyo,10/10/2023,153
1392,10/05/2023,629.21,Product A,873291,London,10/10/2023,153
4532,10/05/2023,826.31,Product B,851606,Paris,10/10/2023,153
2310,10/05/2023,803.01,Product A,478458,Tokyo,10/10/2023,153
7046,10/05/2023,950.75,Product C,710224,New York,10/10/2023,153
7408,10/05/2023,774.62,Product B,461724,New York,10/10/2023,153
1601,10/05/2023,97.18,Product C,438977,New York,10/10/2023,153
8372,10/05/2023,683.31,Product C,234568,London,10/10/2023,153
2988,10/05/2023,142.01,Product D,800005,Paris,10/10/2023,153
3509,10/05/2023,750.26,Product C,536045,Tokyo,10/10/2023,153
7735,10/05/2023,865.2,Product A,806073,New York,10/10/2023,153
4804,10/05/2023,641.53,Product D,367729,New York,10/10/2023,153
9508,10/05/2023,157.45,Product B,443897,Paris,10/10/2023,153
5150,11/05/2023,642.13,Product B,477934,New York,10/10/2023,152
2494,11/05/2023,354.48,Product C,436653,New York,10/10/2023,152
5949,11/05/2023,252.43,Product D,411882,Tokyo,10/10/2023,152
3140,11/05/2023,921.19,Product A,531262,Tokyo,10/10/2023,152
9824,11/05/2023,351.67,Product D,577463,Paris,10/10/2023,152
5011,11/05/2023,615.16,Product A,577538,Tokyo,10/10/2023,152
4290,11/05/2023,321.04,Product D,434640,Paris,10/10/2023,152
3450,11/05/2023,807.61,Product B,541996,Tokyo,10/10/2023,152
9991,11/05/2023,626.81,Product B,828834,New York,10/10/2023,152
2118,11/05/2023,447.79,Product C,935012,Paris,10/10/2023,152
2526,11/05/2023,662.8,Product A,912510,Tokyo,10/10/2023,152
4555,11/05/2023,216.8,Product C,417915,New York,10/10/2023,152
2041,11/05/2023,453.79,Product C,638169,New York,10/10/2023,152
1504,11/05/2023,164.76,Product B,243006,Tokyo,10/10/2023,152
2342,11/05/2023,845.33,Product C,923002,Tokyo,10/10/2023,152
6706,11/05/2023,106.65,Product D,434400,New York,10/10/2023,152
7358,11/05/2023,918.72,Product A,141843,Paris,10/10/2023,152
9363,12/05/2023,777,Product D,182216,Tokyo,10/10/2023,151
8715,12/05/2023,895.93,Product C,195563,Tokyo,10/10/2023,151
3832,12/05/2023,827.45,Product A,724145,Paris,10/10/2023,151
2741,12/05/2023,206.66,Product B,915749,Paris,10/10/2023,151
4048,12/05/2023,522.57,Product A,374492,Paris,10/10/2023,151
7434,12/05/2023,150.75,Product C,758309,Tokyo,10/10/2023,151
3522,12/05/2023,933.33,Product C,633590,Paris,10/10/2023,151
1108,13/05/2023,883.21,Product D,273650,London,10/10/2023,150
7256,13/05/2023,532.19,Product B,956572,London,10/10/2023,150
9210,13/05/2023,99.65,Product C,626560,New York,10/10/2023,150
8405,13/05/2023,229.33,Product A,862569,Paris,10/10/2023,150
5460,13/05/2023,544.58,Product D,184349,New York,10/10/2023,150
4637,13/05/2023,749.38,Product B,567432,Paris,10/10/2023,150
2263,13/05/2023,647.04,Product B,257538,London,10/10/2023,150
7670,13/05/2023,115.4,Product A,627611,Paris,10/10/2023,150
9693,13/05/2023,201.96,Product C,468154,London,10/10/2023,150
1120,13/05/2023,999.44,Product C,688730,Paris,10/10/2023,150
7723,13/05/2023,777.22,Product D,989587,New York,10/10/2023,150
3196,13/05/2023,847.68,Product D,846606,Paris,10/10/2023,150
4892,13/05/2023,786.46,Product C,826596,New York,10/10/2023,150
7529,13/05/2023,440.15,Product B,899049,London,10/10/2023,150
6354,13/05/2023,700.79,Product B,152973,Tokyo,10/10/2023,150
6873,13/05/2023,307.19,Product B,981473,London,10/10/2023,150
5254,14/05/2023,579.39,Product C,236014,Tokyo,10/10/2023,149
3262,14/05/2023,215.27,Product C,794395,Tokyo,10/10/2023,149
2633,14/05/2023,911.34,Product A,857537,London,10/10/2023,149
2341,14/05/2023,452.28,Product C,181896,New York,10/10/2023,149
6542,14/05/2023,527.87,Product A,553873,London,10/10/2023,149
3150,14/05/2023,840.13,Product A,136862,Paris,10/10/2023,149
8126,14/05/2023,643.39,Product C,464032,Tokyo,10/10/2023,149
8199,14/05/2023,527.52,Product B,481574,Paris,10/10/2023,149
1166,14/05/2023,948.58,Product A,353080,Tokyo,10/10/2023,149
9901,14/05/2023,498.97,Product B,992400,Tokyo,10/10/2023,149
9064,15/05/2023,315.96,Product D,139807,New York,10/10/2023,148
7566,15/05/2023,511.55,Product D,670053,New York,10/10/2023,148
6986,15/05/2023,686.11,Product D,907788,New York,10/10/2023,148
6688,15/05/2023,434.09,Product C,172306,Paris,10/10/2023,148
4683,15/05/2023,295.78,Product D,693127,Tokyo,10/10/2023,148
4510,15/05/2023,140.99,Product D,354801,Tokyo,10/10/2023,148
4116,15/05/2023,454.13,Product D,292401,Paris,10/10/2023,148
8859,15/05/2023,783.62,Product C,693128,Paris,10/10/2023,148
4804,15/05/2023,741.3,Product A,283568,Tokyo,10/10/2023,148
7865,15/05/2023,750.04,Product B,611945,London,10/10/2023,148
2063,16/05/2023,546.75,Product C,992717,London,10/10/2023,147
6439,16/05/2023,769.74,Product D,851470,Paris,10/10/2023,147
3024,16/05/2023,260.21,Product B,315477,New York,10/10/2023,147
1645,16/05/2023,501.39,Product B,821634,Tokyo,10/10/2023,147
1643,16/05/2023,393.52,Product A,299072,Paris,10/10/2023,147
6829,16/05/2023,941.73,Product D,294760,Tokyo,10/10/2023,147
6939,16/05/2023,295.72,Product D,628750,Tokyo,10/10/2023,147
4863,16/05/2023,437.9,Product D,305587,London,10/10/2023,147
6714,16/05/2023,934.36,Product C,401769,New York,10/10/2023,147
7653,16/05/2023,835.39,Product C,400850,London,10/10/2023,147
8879,16/05/2023,206.13,Product D,783932,London,10/10/2023,147
9004,16/05/2023,760.58,Product D,777278,Tokyo,10/10/2023,147
2940,16/05/2023,766.8,Product B,913373,Tokyo,10/10/2023,147
9376,16/05/2023,574.96,Product B,198867,New York,10/10/2023,147
1182,16/05/2023,876.02,Product B,229221,New York,10/10/2023,147
1944,16/05/2023,418.55,Product D,684357,London,10/10/2023,147
1082,17/05/2023,600.69,Product A,419491,London,10/10/2023,146
3762,17/05/2023,766.84,Product D,923353,New York,10/10/2023,146
9918,17/05/2023,182.11,Product D,483041,New York,10/10/2023,146
5888,17/05/2023,606.76,Product C,398384,Tokyo,10/10/2023,146
1517,17/05/2023,948.72,Product A,300051,New York,10/10/2023,146
9443,17/05/2023,249.52,Product B,405420,Tokyo,10/10/2023,146
3148,17/05/2023,689.15,Product A,855829,Paris,10/10/2023,146
8796,17/05/2023,747.86,Product D,375311,New York,10/10/2023,146
1972,17/05/2023,357.31,Product C,725850,London,10/10/2023,146
4943,17/05/2023,550.17,Product D,902903,Paris,10/10/2023,146
9044,17/05/2023,784.15,Product C,494322,Paris,10/10/2023,146
9897,17/05/2023,661.53,Product B,991737,Paris,10/10/2023,146
3661,17/05/2023,248.07,Product D,809922,Paris,10/10/2023,146
7170,18/05/2023,906.98,Product A,367865,London,10/10/2023,145
7431,18/05/2023,123.09,Product C,986589,Tokyo,10/10/2023,145
7455,18/05/2023,568.75,Product A,188025,Tokyo,10/10/2023,145
7049,18/05/2023,557,Product D,233636,New York,10/10/2023,145
5033,18/05/2023,598.57,Product A,539589,Paris,10/10/2023,145
7824,18/05/2023,314.6,Product A,725905,Tokyo,10/10/2023,145
3420,18/05/2023,707.65,Product B,911982,New York,10/10/2023,145
1273,18/05/2023,76.86,Product C,326222,New York,10/10/2023,145
6661,18/05/2023,306.16,Product D,823846,Paris,10/10/2023,145
9108,19/05/2023,883.52,Product D,399628,New York,10/10/2023,144
8359,19/05/2023,992.85,Product D,278852,London,10/10/2023,144
5660,19/05/2023,26.14,Product B,416503,New York,10/10/2023,144
6277,19/05/2023,156.85,Product B,388375,Paris,10/10/2023,144
4616,19/05/2023,720.67,Product A,318877,Tokyo,10/10/2023,144
7916,19/05/2023,72.89,Product D,724834,Tokyo,10/10/2023,144
1530,19/05/2023,161.9,Product D,488984,Paris,10/10/2023,144
7859,19/05/2023,916.75,Product B,386886,Tokyo,10/10/2023,144
7240,19/05/2023,535.25,Product D,630108,Tokyo,10/10/2023,144
4770,19/05/2023,803.91,Product B,767542,London,10/10/2023,144
7730,19/05/2023,151.29,Product B,753484,Paris,10/10/2023,144
8149,19/05/2023,984.39,Product A,503906,London,10/10/2023,144
3837,19/05/2023,802.86,Product B,364650,Paris,10/10/2023,144
1430,19/05/2023,929.79,Product C,130359,London,10/10/2023,144
5382,19/05/2023,648.2,Product C,566509,Paris,10/10/2023,144
1685,19/05/2023,737.98,Product D,855185,Paris,10/10/2023,144
3983,19/05/2023,325.03,Product B,770718,New York,10/10/2023,144
6267,19/05/2023,480.87,Product B,164879,Tokyo,10/10/2023,144
3120,20/05/2023,439.37,Product D,522988,Tokyo,10/10/2023,143
3719,20/05/2023,147.84,Product B,953047,London,10/10/2023,143
9383,20/05/2023,950.26,Product D,677079,Tokyo,10/10/2023,143
7457,20/05/2023,939.75,Product A,645940,New York,10/10/2023,143
6776,20/05/2023,998.17,Product C,770532,New York,10/10/2023,143
8251,20/05/2023,816.86,Product D,970914,Tokyo,10/10/2023,143
9615,20/05/2023,704.3,Product C,151470,Paris,10/10/2023,143
3525,20/05/2023,290.3,Product D,772036,Paris,10/10/2023,143
1567,20/05/2023,622.98,Product B,778720,Paris,10/10/2023,143
1025,20/05/2023,359.29,Product D,296412,New York,10/10/2023,143
2293,20/05/2023,872.13,Product B,621841,London,10/10/2023,143
4617,20/05/2023,836.4,Product B,220190,London,10/10/2023,143
7825,20/05/2023,642.6,Product D,757629,Paris,10/10/2023,143
9761,20/05/2023,58.1,Product A,794125,New York,10/10/2023,143
1713,21/05/2023,393.01,Product C,365971,New York,10/10/2023,142
6822,21/05/2023,309.3,Product C,951331,New York,10/10/2023,142
6934,21/05/2023,892.66,Product D,841666,London,10/10/2023,142
7911,21/05/2023,616.19,Product D,990136,New York,10/10/2023,142
2035,21/05/2023,825.62,Product C,780776,Tokyo,10/10/2023,142
3871,21/05/2023,499.42,Product A,311505,Paris,10/10/2023,142
1185,21/05/2023,209.18,Product C,366776,New York,10/10/2023,142
3280,21/05/2023,309.8,Product C,790658,London,10/10/2023,142
6134,21/05/2023,67.43,Product D,386814,London,10/10/2023,142
5285,22/05/2023,365.96,Product B,165142,New York,10/10/2023,141
7666,22/05/2023,935.68,Product D,600641,London,10/10/2023,141
5350,22/05/2023,785.07,Product B,856442,New York,10/10/2023,141
7797,22/05/2023,108.03,Product D,745558,Tokyo,10/10/2023,141
9266,22/05/2023,180.83,Product B,841995,Tokyo,10/10/2023,141
6499,22/05/2023,98.41,Product C,334176,Paris,10/10/2023,141
4387,22/05/2023,147.19,Product B,244818,Paris,10/10/2023,141
1190,22/05/2023,935.03,Product D,993251,Tokyo,10/10/2023,141
7275,22/05/2023,490.73,Product D,139285,London,10/10/2023,141
1828,22/05/2023,999.29,Product A,197793,London,10/10/2023,141
3879,22/05/2023,610.56,Product C,966589,London,10/10/2023,141
7909,22/05/2023,887.26,Product B,218548,London,10/10/2023,141
3417,22/05/2023,690.75,Product A,916232,Tokyo,10/10/2023,141
4483,22/05/2023,504.24,Product D,249811,Paris,10/10/2023,141
4626,22/05/2023,232.86,Product B,382154,Tokyo,10/10/2023,141
8504,22/05/2023,964.39,Product A,602248,Tokyo,10/10/2023,141
5664,22/05/2023,745.5,Product C,532961,London,10/10/2023,141
5192,22/05/2023,238.85,Product C,376955,Tokyo,10/10/2023,141
8982,22/05/2023,324.11,Product C,334081,London,10/10/2023,141
8758,23/05/2023,123.25,Product B,587623,Paris,10/10/2023,140
2229,23/05/2023,641.14,Product C,638009,London,10/10/2023,140
8493,23/05/2023,593.42,Product B,623059,New York,10/10/2023,140
5762,23/05/2023,76.69,Product A,307007,Tokyo,10/10/2023,140
7078,23/05/2023,949.89,Product D,715870,London,10/10/2023,140
3535,23/05/2023,487.37,Product A,467121,Paris,10/10/2023,140
6400,23/05/2023,131.01,Product C,797660,Tokyo,10/10/2023,140
5088,23/05/2023,111.77,Product D,750810,London,10/10/2023,140
9621,23/05/2023,256.28,Product B,685549,Tokyo,10/10/2023,140
3804,23/05/2023,628.23,Product C,983456,New York,10/10/2023,140
5060,23/05/2023,248.74,Product A,901164,London,10/10/2023,140
9538,23/05/2023,982.29,Product D,508024,Paris,10/10/2023,140
2501,23/05/2023,219.98,Product A,153035,Paris,10/10/2023,140
2879,23/05/2023,352.55,Product B,773462,London,10/10/2023,140
5298,23/05/2023,864.01,Product C,725969,Tokyo,10/10/2023,140
1653,24/05/2023,886.8,Product D,934883,New York,10/10/2023,139
4750,24/05/2023,837.6,Product A,901909,Paris,10/10/2023,139
8575,24/05/2023,808.85,Product A,515182,Paris,10/10/2023,139
5890,24/05/2023,117.02,Product A,452618,Paris,10/10/2023,139
1193,24/05/2023,218.64,Product A,441244,Paris,10/10/2023,139
2791,24/05/2023,802.05,Product B,641058,London,10/10/2023,139
6236,24/05/2023,148.53,Product A,787237,Tokyo,10/10/2023,139
8517,24/05/2023,466.11,Product A,605382,New York,10/10/2023,139
2679,24/05/2023,743.26,Product A,719176,Tokyo,10/10/2023,139
7984,24/05/2023,116.88,Product D,177060,New York,10/10/2023,139
5106,24/05/2023,758.02,Product B,758765,New York,10/10/2023,139
7179,24/05/2023,608.92,Product A,176319,London,10/10/2023,139
9510,24/05/2023,450.62,Product A,829386,Paris,10/10/2023,139
4598,24/05/2023,331.04,Product A,340174,New York,10/10/2023,139
6298,24/05/2023,924.9,Product A,217996,Tokyo,10/10/2023,139
7211,24/05/2023,750.65,Product B,745414,Paris,10/10/2023,139
8244,24/05/2023,221.56,Product D,932291,London,10/10/2023,139
7116,25/05/2023,149.94,Product D,538555,London,10/10/2023,138
6644,25/05/2023,73.12,Product A,172371,Tokyo,10/10/2023,138
5477,25/05/2023,764.79,Product C,468074,New York,10/10/2023,138
2999,25/05/2023,860.81,Product C,652654,Tokyo,10/10/2023,138
6431,25/05/2023,245.2,Product D,381631,Paris,10/10/2023,138
6890,25/05/2023,896.55,Product A,214682,London,10/10/2023,138
3521,25/05/2023,540.99,Product A,231939,Tokyo,10/10/2023,138
2669,25/05/2023,774.76,Product A,934904,New York,10/10/2023,138
7939,25/05/2023,408.25,Product B,390946,New York,10/10/2023,138
9892,25/05/2023,495.19,Product B,670027,Paris,10/10/2023,138
4090,25/05/2023,246.42,Product D,344907,Tokyo,10/10/2023,138
3248,25/05/2023,21.24,Product D,463546,Paris,10/10/2023,138
6008,25/05/2023,588.33,Product C,946934,Paris,10/10/2023,138
2195,25/05/2023,69.31,Product D,535810,Tokyo,10/10/2023,138
4974,25/05/2023,608.36,Product B,515898,London,10/10/2023,138
8612,25/05/2023,483.75,Product B,950916,London,10/10/2023,138
4920,26/05/2023,166.79,Product A,679077,Tokyo,10/10/2023,137
7626,26/05/2023,643.74,Product C,220768,Tokyo,10/10/2023,137
6582,26/05/2023,185.69,Product C,162448,New York,10/10/2023,137
2691,26/05/2023,968.76,Product C,975427,Paris,10/10/2023,137
5215,26/05/2023,194.34,Product C,929179,Paris,10/10/2023,137
4812,26/05/2023,297.58,Product B,101657,New York,10/10/2023,137
9331,26/05/2023,108.61,Product C,608205,New York,10/10/2023,137
2033,26/05/2023,778.43,Product D,138780,Paris,10/10/2023,137
8640,26/05/2023,938.12,Product A,261169,Paris,10/10/2023,137
7809,26/05/2023,841.49,Product D,275377,New York,10/10/2023,137
4257,26/05/2023,653.39,Product D,331148,Tokyo,10/10/2023,137
5735,26/05/2023,215.21,Product D,432441,Tokyo,10/10/2023,137
3173,26/05/2023,653.59,Product B,628370,Paris,10/10/2023,137
5308,26/05/2023,975.3,Product A,620248,Tokyo,10/10/2023,137
6411,26/05/2023,477.68,Product B,105433,London,10/10/2023,137
4185,26/05/2023,699.39,Product D,519066,London,10/10/2023,137
6302,26/05/2023,299.71,Product C,999695,New York,10/10/2023,137
6071,27/05/2023,770.94,Product D,402808,London,10/10/2023,136
3747,27/05/2023,688.74,Product D,725510,New York,10/10/2023,136
1711,27/05/2023,464.83,Product A,496922,New York,10/10/2023,136
8924,27/05/2023,691.77,Product C,547798,Paris,10/10/2023,136
9514,27/05/2023,635.54,Product D,947228,London,10/10/2023,136
9751,27/05/2023,252.36,Product D,497887,Paris,10/10/2023,136
6005,27/05/2023,702.45,Product B,550081,New York,10/10/2023,136
2526,27/05/2023,972.43,Product C,991401,New York,10/10/2023,136
2438,27/05/2023,388.39,Product B,537605,London,10/10/2023,136
3041,27/05/2023,901.05,Product C,799287,Tokyo,10/10/2023,136
9673,27/05/2023,281.99,Product C,117975,Tokyo,10/10/2023,136
1612,27/05/2023,810.26,Product D,182289,New York,10/10/2023,136
4562,27/05/2023,86.43,Product C,931420,Tokyo,10/10/2023,136
8179,27/05/2023,425.46,Product B,534130,Tokyo,10/10/2023,136
5040,27/05/2023,628.78,Product B,580102,New York,10/10/2023,136
5634,27/05/2023,305.57,Product D,255813,Tokyo,10/10/2023,136
6303,27/05/2023,473.71,Product B,172222,London,10/10/2023,136
3048,27/05/2023,242.28,Product C,880009,New York,10/10/2023,136
3384,27/05/2023,39.19,Product C,534152,Tokyo,10/10/2023,136
2658,27/05/2023,238.71,Product D,298663,London,10/10/2023,136
4675,27/05/2023,985.03,Product B,869735,New York,10/10/2023,136
4727,28/05/2023,99.48,Product A,897305,New York,10/10/2023,135
9175,28/05/2023,207.67,Product B,378297,London,10/10/2023,135
5923,28/05/2023,448.68,Product C,382507,Tokyo,10/10/2023,135
8370,28/05/2023,341.31,Product C,477808,Paris,10/10/2023,135
8078,28/05/2023,329.1,Product C,127121,New York,10/10/2023,135
7971,28/05/2023,554.88,Product C,836996,Tokyo,10/10/2023,135
5049,28/05/2023,994.59,Product B,583220,New York,10/10/2023,135
1212,28/05/2023,258.83,Product D,970300,London,10/10/2023,135
3607,28/05/2023,862.88,Product D,371782,London,10/10/2023,135
4714,28/05/2023,656.25,Product A,764678,Tokyo,10/10/2023,135
9689,28/05/2023,58.09,Product D,979562,Tokyo,10/10/2023,135
3938,28/05/2023,925.24,Product D,941204,London,10/10/2023,135
8511,28/05/2023,94.05,Product A,629979,London,10/10/2023,135
3647,28/05/2023,447.42,Product D,688153,New York,10/10/2023,135
5009,28/05/2023,53.79,Product D,345722,London,10/10/2023,135
7445,28/05/2023,165.44,Product C,817552,Paris,10/10/2023,135
4646,28/05/2023,674.63,Product B,894586,London,10/10/2023,135
5201,28/05/2023,484.29,Product B,968170,Paris,10/10/2023,135
2753,28/05/2023,557.69,Product C,395442,London,10/10/2023,135
2582,28/05/2023,741.41,Product B,683397,New York,10/10/2023,135
1049,28/05/2023,225.72,Product A,147489,Tokyo,10/10/2023,135
6885,29/05/2023,196.54,Product D,120053,London,10/10/2023,134
2489,29/05/2023,56.65,Product A,260265,London,10/10/2023,134
7288,29/05/2023,742.35,Product A,625119,Paris,10/10/2023,134
6896,29/05/2023,277.07,Product B,191537,London,10/10/2023,134
9954,29/05/2023,798.01,Product B,106687,Tokyo,10/10/2023,134
2036,29/05/2023,748.49,Product A,834928,New York,10/10/2023,134
8242,29/05/2023,61.1,Product C,675898,London,10/10/2023,134
1659,29/05/2023,758.71,Product D,644173,Tokyo,10/10/2023,134
4110,29/05/2023,167.75,Product D,622987,Paris,10/10/2023,134
5216,29/05/2023,823.38,Product D,583214,London,10/10/2023,134
2133,29/05/2023,537.38,Product B,234628,Tokyo,10/10/2023,134
7025,29/05/2023,592.5,Product B,913848,London,10/10/2023,134
3555,29/05/2023,731.2,Product A,217830,New York,10/10/2023,134
5558,29/05/2023,951.69,Product D,364525,New York,10/10/2023,134
3221,29/05/2023,787.83,Product A,390794,London,10/10/2023,134
2890,29/05/2023,358.72,Product D,711116,Tokyo,10/10/2023,134
9475,29/05/2023,247.9,Product A,944554,Tokyo,10/10/2023,134
8273,29/05/2023,86.12,Product B,655178,Paris,10/10/2023,134
8300,29/05/2023,599.18,Product A,332873,Tokyo,10/10/2023,134
2765,29/05/2023,420.33,Product A,909652,Tokyo,10/10/2023,134
9797,29/05/2023,274.16,Product C,216970,Paris,10/10/2023,134
2882,29/05/2023,285.78,Product B,946432,Tokyo,10/10/2023,134
8692,29/05/2023,841.33,Product B,488712,Paris,10/10/2023,134
7511,29/05/2023,211.66,Product D,287401,Paris,10/10/2023,134
1833,30/05/2023,933.06,Product C,614379,Paris,10/10/2023,133
5520,30/05/2023,405.44,Product D,525146,London,10/10/2023,133
2728,30/05/2023,642.24,Product C,807256,Tokyo,10/10/2023,133
9328,30/05/2023,921.95,Product B,825423,London,10/10/2023,133
6269,30/05/2023,290.23,Product D,659572,Paris,10/10/2023,133
3230,30/05/2023,772.45,Product A,262959,New York,10/10/2023,133
2404,30/05/2023,622.43,Product B,847748,New York,10/10/2023,133
2124,30/05/2023,957.71,Product A,890870,New York,10/10/2023,133
7084,30/05/2023,98.59,Product B,624203,New York,10/10/2023,133
5179,30/05/2023,111.88,Product A,339499,New York,10/10/2023,133
3945,30/05/2023,589.59,Product B,512160,Tokyo,10/10/2023,133
1719,30/05/2023,179.18,Product C,692960,London,10/10/2023,133
3954,30/05/2023,90,Product C,761685,London,10/10/2023,133
5543,30/05/2023,779.9,Product D,757193,London,10/10/2023,133
3742,31/05/2023,283.34,Product A,515035,London,10/10/2023,132
6432,31/05/2023,436.15,Product A,203396,Paris,10/10/2023,132
2194,31/05/2023,710.6,Product B,292800,New York,10/10/2023,132
8317,31/05/2023,702.32,Product B,205149,London,10/10/2023,132
8342,31/05/2023,27.07,Product C,332360,Tokyo,10/10/2023,132
7046,31/05/2023,711.35,Product C,654718,New York,10/10/2023,132
5334,31/05/2023,793.34,Product B,545790,New York,10/10/2023,132
7932,31/05/2023,383.22,Product D,726979,Tokyo,10/10/2023,132
9907,31/05/2023,29.33,Product D,919898,Paris,10/10/2023,132
6869,31/05/2023,790.55,Product C,116547,London,10/10/2023,132
1505,31/05/2023,763.45,Product C,134283,Paris,10/10/2023,132
4788,31/05/2023,17.15,Product C,297731,Tokyo,10/10/2023,132
5747,31/05/2023,400.38,Product B,452497,New York,10/10/2023,132
8043,31/05/2023,584.18,Product C,587575,Tokyo,10/10/2023,132
3852,31/05/2023,367.88,Product B,227257,London,10/10/2023,132
8951,31/05/2023,350.3,Product A,148174,New York,10/10/2023,132
7889,31/05/2023,887.98,Product C,373216,Paris,10/10/2023,132
2624,31/05/2023,704.76,Product B,550961,Tokyo,10/10/2023,132
6850,31/05/2023,76.88,Product B,868544,New York,10/10/2023,132
8657,01/06/2023,983.18,Product B,741674,New York,10/10/2023,131
1086,01/06/2023,100.18,Product B,594580,Tokyo,10/10/2023,131
7793,01/06/2023,336.92,Product A,604906,Tokyo,10/10/2023,131
6901,01/06/2023,680,Product D,874415,New York,10/10/2023,131
6210,01/06/2023,740.72,Product C,720298,New York,10/10/2023,131
5557,01/06/2023,870.61,Product B,832052,Tokyo,10/10/2023,131
9426,01/06/2023,513.65,Product D,145981,Paris,10/10/2023,131
6549,01/06/2023,124.02,Product A,247594,London,10/10/2023,131
9806,01/06/2023,667.45,Product B,898867,London,10/10/2023,131
2695,01/06/2023,900.14,Product C,849014,New York,10/10/2023,131
9880,02/06/2023,759.22,Product D,672892,London,10/10/2023,130
4308,02/06/2023,630.95,Product C,435281,New York,10/10/2023,130
5582,02/06/2023,989.2,Product A,234913,New York,10/10/2023,130
6876,02/06/2023,458.07,Product B,878476,Tokyo,10/10/2023,130
6381,02/06/2023,136.52,Product A,777406,Tokyo,10/10/2023,130
4538,02/06/2023,871,Product C,911984,London,10/10/2023,130
2133,02/06/2023,849.31,Product D,805668,Tokyo,10/10/2023,130
4196,02/06/2023,390.1,Product D,529008,Tokyo,10/10/2023,130
5444,02/06/2023,87.11,Product C,225200,New York,10/10/2023,130
7708,02/06/2023,579.15,Product B,432427,New York,10/10/2023,130
2869,02/06/2023,74.69,Product D,177680,New York,10/10/2023,130
7242,02/06/2023,642.16,Product C,213609,London,10/10/2023,130
3826,02/06/2023,676.85,Product C,744333,New York,10/10/2023,130
8780,02/06/2023,26.47,Product C,806537,New York,10/10/2023,130
6781,02/06/2023,869.04,Product D,931161,Tokyo,10/10/2023,130
7342,02/06/2023,527.36,Product D,700534,London,10/10/2023,130
6818,03/06/2023,637.32,Product C,674295,Paris,10/10/2023,129
5803,03/06/2023,632.35,Product C,705397,London,10/10/2023,129
7807,03/06/2023,487.67,Product D,355570,Tokyo,10/10/2023,129
3399,03/06/2023,71.41,Product C,313910,New York,10/10/2023,129
4533,03/06/2023,158.02,Product D,216587,Paris,10/10/2023,129
2010,03/06/2023,783.15,Product B,237064,London,10/10/2023,129
3704,03/06/2023,472.72,Product B,752483,New York,10/10/2023,129
8001,03/06/2023,554.97,Product C,593687,London,10/10/2023,129
2153,03/06/2023,310.87,Product B,644719,New York,10/10/2023,129
4522,03/06/2023,858.01,Product B,195643,London,10/10/2023,129
7251,03/06/2023,22.49,Product B,503489,Tokyo,10/10/2023,129
2011,03/06/2023,552.17,Product B,700521,London,10/10/2023,129
7862,03/06/2023,899.64,Product A,396439,New York,10/10/2023,129
8595,03/06/2023,649.64,Product A,857750,New York,10/10/2023,129
9311,03/06/2023,514.62,Product D,843167,Paris,10/10/2023,129
8484,04/06/2023,309.1,Product D,994787,Tokyo,10/10/2023,128
1891,04/06/2023,753.53,Product D,775990,New York,10/10/2023,128
8369,04/06/2023,377.37,Product B,154040,Paris,10/10/2023,128
1439,04/06/2023,848.6,Product C,315425,London,10/10/2023,128
5281,04/06/2023,540.74,Product C,741603,Paris,10/10/2023,128
7164,04/06/2023,740.7,Product C,208998,London,10/10/2023,128
6383,04/06/2023,677.61,Product D,432043,Tokyo,10/10/2023,128
2556,04/06/2023,760.62,Product A,110142,London,10/10/2023,128
6319,04/06/2023,378,Product D,966286,Paris,10/10/2023,128
7511,04/06/2023,806.54,Product C,194689,Tokyo,10/10/2023,128
9452,04/06/2023,133.43,Product A,900185,London,10/10/2023,128
4868,04/06/2023,369.06,Product C,670913,Paris,10/10/2023,128
1721,04/06/2023,864.3,Product B,148215,Tokyo,10/10/2023,128
4014,04/06/2023,393.59,Product D,244192,London,10/10/2023,128
9054,04/06/2023,699.22,Product A,339030,London,10/10/2023,128
4948,04/06/2023,233.09,Product B,944917,Tokyo,10/10/2023,128
8598,04/06/2023,126.6,Product A,765213,New York,10/10/2023,128
1305,04/06/2023,512.11,Product A,952117,Tokyo,10/10/2023,128
4913,04/06/2023,964.36,Product B,893988,London,10/10/2023,128
3262,04/06/2023,865.19,Product A,884140,London,10/10/2023,128
1207,04/06/2023,425.86,Product D,210665,Tokyo,10/10/2023,128
4878,05/06/2023,170.88,Product B,532322,New York,10/10/2023,127
9564,05/06/2023,910.25,Product D,966662,London,10/10/2023,127
5564,05/06/2023,78.73,Product C,468203,Tokyo,10/10/2023,127
6323,05/06/2023,462.97,Product B,548324,Tokyo,10/10/2023,127
8620,05/06/2023,289.48,Product C,443199,New York,10/10/2023,127
9462,05/06/2023,380.17,Product A,640299,London,10/10/2023,127
3656,05/06/2023,153.16,Product A,539963,Paris,10/10/2023,127
3972,05/06/2023,151.82,Product D,172965,London,10/10/2023,127
5067,05/06/2023,903.29,Product C,705748,Paris,10/10/2023,127
2975,05/06/2023,428.09,Product B,600905,New York,10/10/2023,127
3604,05/06/2023,933.4,Product C,197874,Paris,10/10/2023,127
1514,05/06/2023,337.12,Product B,392004,Tokyo,10/10/2023,127
5687,05/06/2023,540.28,Product C,530849,Paris,10/10/2023,127
6328,05/06/2023,481.39,Product C,675191,Tokyo,10/10/2023,127
3267,05/06/2023,257.5,Product D,489244,New York,10/10/2023,127
7717,05/06/2023,658.23,Product B,178463,Tokyo,10/10/2023,127
6327,05/06/2023,284.12,Product C,297509,London,10/10/2023,127
9622,05/06/2023,371.24,Product A,491738,Tokyo,10/10/2023,127
1878,05/06/2023,365.45,Product A,608149,London,10/10/2023,127
6295,05/06/2023,971.26,Product C,258290,Tokyo,10/10/2023,127
3926,05/06/2023,40.96,Product A,608947,London,10/10/2023,127
3223,05/06/2023,467.08,Product A,372793,Tokyo,10/10/2023,127
7622,05/06/2023,519.45,Product A,789606,Tokyo,10/10/2023,127
8105,06/06/2023,689.91,Product B,459381,Tokyo,10/10/2023,126
8736,06/06/2023,202.6,Product A,813763,Tokyo,10/10/2023,126
5221,06/06/2023,393.3,Product A,681896,Paris,10/10/2023,126
2391,06/06/2023,62.08,Product B,891083,New York,10/10/2023,126
1305,06/06/2023,722.35,Product C,189913,London,10/10/2023,126
6517,06/06/2023,768.64,Product B,726258,Tokyo,10/10/2023,126
5990,06/06/2023,513.25,Product B,786393,Tokyo,10/10/2023,126
4624,06/06/2023,221.22,Product C,447148,Paris,10/10/2023,126
7997,06/06/2023,113.06,Product B,676680,Tokyo,10/10/2023,126
7022,06/06/2023,306.26,Product D,911032,London,10/10/2023,126
1480,07/06/2023,812.58,Product C,161437,Tokyo,10/10/2023,125
9066,07/06/2023,985.51,Product C,614646,London,10/10/2023,125
8622,07/06/2023,294.76,Product B,177449,Tokyo,10/10/2023,125
2143,07/06/2023,201.56,Product D,572536,Paris,10/10/2023,125
2926,07/06/2023,140.26,Product B,103704,Paris,10/10/2023,125
2562,07/06/2023,532.88,Product A,340927,London,10/10/2023,125
1230,07/06/2023,328.99,Product B,118786,New York,10/10/2023,125
5107,07/06/2023,49.09,Product D,686179,Paris,10/10/2023,125
3203,07/06/2023,850.9,Product C,923481,Tokyo,10/10/2023,125
5114,07/06/2023,909.08,Product A,196781,Tokyo,10/10/2023,125
7135,07/06/2023,388.65,Product D,493892,New York,10/10/2023,125
9582,08/06/2023,143.9,Product B,788108,London,10/10/2023,124
4517,08/06/2023,195.28,Product C,567676,London,10/10/2023,124
9317,08/06/2023,115.35,Product C,982554,London,10/10/2023,124
1803,08/06/2023,610.34,Product D,973294,Paris,10/10/2023,124
2964,08/06/2023,87.7,Product D,743644,New York,10/10/2023,124
8532,08/06/2023,87.08,Product C,703727,Tokyo,10/10/2023,124
4729,08/06/2023,266.06,Product D,573039,Tokyo,10/10/2023,124
8381,08/06/2023,448.29,Product D,420214,New York,10/10/2023,124
4485,08/06/2023,46.29,Product C,669868,Tokyo,10/10/2023,124
6916,09/06/2023,323.31,Product D,979727,Tokyo,10/10/2023,123
7296,09/06/2023,984.6,Product C,846172,New York,10/10/2023,123
5905,09/06/2023,666.75,Product B,377312,New York,10/10/2023,123
8450,09/06/2023,409.92,Product A,373791,London,10/10/2023,123
6544,09/06/2023,969.96,Product A,162678,Paris,10/10/2023,123
4470,09/06/2023,198.12,Product A,883159,Tokyo,10/10/2023,123
7018,09/06/2023,799.32,Product C,940064,New York,10/10/2023,123
6860,09/06/2023,507.81,Product C,925115,Paris,10/10/2023,123
4052,09/06/2023,751.51,Product C,139286,New York,10/10/2023,123
3880,09/06/2023,920.44,Product D,926236,Tokyo,10/10/2023,123
6761,10/06/2023,571.97,Product B,690462,London,10/10/2023,122
3213,10/06/2023,700.65,Product B,719531,Tokyo,10/10/2023,122
2625,10/06/2023,765.11,Product B,377501,New York,10/10/2023,122
6598,10/06/2023,768.49,Product B,337547,London,10/10/2023,122
2502,10/06/2023,911.4,Product D,466566,New York,10/10/2023,122
7498,10/06/2023,717.86,Product A,720859,London,10/10/2023,122
3443,10/06/2023,99.18,Product A,858711,New York,10/10/2023,122
1509,10/06/2023,410.35,Product D,682959,London,10/10/2023,122
1960,10/06/2023,845.91,Product A,536236,Tokyo,10/10/2023,122
6570,10/06/2023,125.84,Product C,664032,Paris,10/10/2023,122
1029,10/06/2023,704.99,Product D,992083,New York,10/10/2023,122
5938,10/06/2023,219.12,Product B,901280,Paris,10/10/2023,122
1990,10/06/2023,791.4,Product C,759104,Tokyo,10/10/2023,122
4982,10/06/2023,624.79,Product B,972881,Paris,10/10/2023,122
2970,10/06/2023,759.62,Product B,275284,London,10/10/2023,122
6669,10/06/2023,941.5,Product C,987025,New York,10/10/2023,122
8836,10/06/2023,545.36,Product C,512842,London,10/10/2023,122
1440,10/06/2023,729.94,Product B,559753,Paris,10/10/2023,122
4759,10/06/2023,804.28,Product D,467544,New York,10/10/2023,122
